"filename", "language", "JSON", "Python", "LaTeX", "HTML", "comment", "blank", "total"
"/Users/moritzglawleschkoff/code/master_thesis/01_worksheets/ex1.ipynb", "JSON", 249, 0, 0, 0, 0, 1, 250
"/Users/moritzglawleschkoff/code/master_thesis/01_worksheets/ex2.ipynb", "JSON", 397, 0, 0, 0, 0, 1, 398
"/Users/moritzglawleschkoff/code/master_thesis/01_worksheets/ex3.ipynb", "JSON", 442, 0, 0, 0, 0, 1, 443
"/Users/moritzglawleschkoff/code/master_thesis/01_worksheets/ex3_new.ipynb", "JSON", 506, 0, 0, 0, 0, 1, 507
"/Users/moritzglawleschkoff/code/master_thesis/01_worksheets/ex4.ipynb", "JSON", 516, 0, 0, 0, 0, 1, 517
"/Users/moritzglawleschkoff/code/master_thesis/02_paper_epistemic_value/01_sandbox.py", "Python", 0, 40, 0, 0, 5, 15, 60
"/Users/moritzglawleschkoff/code/master_thesis/02_paper_epistemic_value/02_sandbox.py", "Python", 0, 51, 0, 0, 3, 16, 70
"/Users/moritzglawleschkoff/code/master_thesis/02_paper_epistemic_value/__init__.py", "Python", 0, 0, 0, 0, 0, 1, 1
"/Users/moritzglawleschkoff/code/master_thesis/02_paper_epistemic_value/active_inference_agent.py", "Python", 0, 69, 0, 0, 0, 18, 87
"/Users/moritzglawleschkoff/code/master_thesis/02_paper_epistemic_value/generative_model.py", "Python", 0, 51, 0, 0, 1, 8, 60
"/Users/moritzglawleschkoff/code/master_thesis/02_paper_epistemic_value/t_maze_world.py", "Python", 0, 26, 0, 0, 0, 10, 36
"/Users/moritzglawleschkoff/code/master_thesis/02_paper_epistemic_value/utils.py", "Python", 0, 13, 0, 0, 0, 2, 15
"/Users/moritzglawleschkoff/code/master_thesis/02a_paper_epistemic_value_test/01_sandbox.ipynb", "JSON", 165, 0, 0, 0, 0, 1, 166
"/Users/moritzglawleschkoff/code/master_thesis/02a_paper_epistemic_value_test/02_sandbox.ipynb", "JSON", 85, 0, 0, 0, 0, 1, 86
"/Users/moritzglawleschkoff/code/master_thesis/02a_paper_epistemic_value_test/active_inference_agent.py", "Python", 0, 70, 0, 0, 1, 18, 89
"/Users/moritzglawleschkoff/code/master_thesis/02a_paper_epistemic_value_test/agent_param.py", "Python", 0, 76, 0, 0, 7, 8, 91
"/Users/moritzglawleschkoff/code/master_thesis/02a_paper_epistemic_value_test/generative_model.py", "Python", 0, 49, 0, 0, 1, 8, 58
"/Users/moritzglawleschkoff/code/master_thesis/02a_paper_epistemic_value_test/t_maze_world.py", "Python", 0, 26, 0, 0, 0, 10, 36
"/Users/moritzglawleschkoff/code/master_thesis/02a_paper_epistemic_value_test/utils.py", "Python", 0, 13, 0, 0, 0, 2, 15
"/Users/moritzglawleschkoff/code/master_thesis/03_predictive_coding/main.ipynb", "JSON", 102, 0, 0, 0, 0, 1, 103
"/Users/moritzglawleschkoff/code/master_thesis/04_temporal_predictive_coding/main.ipynb", "JSON", 56, 0, 0, 0, 0, 1, 57
"/Users/moritzglawleschkoff/code/master_thesis/05_message_passing/equality_node.ipynb", "JSON", 174, 0, 0, 0, 0, 1, 175
"/Users/moritzglawleschkoff/code/master_thesis/05_message_passing/hmm.ipynb", "JSON", 185, 0, 0, 0, 0, 1, 186
"/Users/moritzglawleschkoff/code/master_thesis/05_message_passing/sliding_window.ipynb", "JSON", 133, 0, 0, 0, 0, 1, 134
"/Users/moritzglawleschkoff/code/master_thesis/05_message_passing/sp_vmp.ipynb", "JSON", 186, 0, 0, 0, 0, 1, 187
"/Users/moritzglawleschkoff/code/master_thesis/05_message_passing/svmp.ipynb", "JSON", 377, 0, 0, 0, 0, 1, 378
"/Users/moritzglawleschkoff/code/master_thesis/05_message_passing/t_maze.ipynb", "JSON", 487, 0, 0, 0, 0, 1, 488
"/Users/moritzglawleschkoff/code/master_thesis/06_aif/agent.py", "Python", 0, 185, 0, 0, 53, 30, 268
"/Users/moritzglawleschkoff/code/master_thesis/06_aif/agent_parameters.py", "Python", 0, 75, 0, 0, 8, 8, 91
"/Users/moritzglawleschkoff/code/master_thesis/06_aif/dashboard.py", "Python", 0, 440, 0, 0, 84, 76, 600
"/Users/moritzglawleschkoff/code/master_thesis/06_aif/environment.py", "Python", 0, 23, 0, 0, 0, 6, 29
"/Users/moritzglawleschkoff/code/master_thesis/06_aif/environment_parameters.py", "Python", 0, 63, 0, 0, 6, 6, 75
"/Users/moritzglawleschkoff/code/master_thesis/06_aif/ffg.ipynb", "JSON", 96, 0, 0, 0, 0, 1, 97
"/Users/moritzglawleschkoff/code/master_thesis/06_aif/iframe_figures/figure_31.html", "HTML", 0, 0, 0, 3319, 0, 569, 3888
"/Users/moritzglawleschkoff/code/master_thesis/06_aif/iframe_figures/figure_32.html", "HTML", 0, 0, 0, 3319, 0, 569, 3888
"/Users/moritzglawleschkoff/code/master_thesis/06_aif/networkx_plotly.py", "Python", 0, 78, 0, 0, 29, 19, 126
"/Users/moritzglawleschkoff/code/master_thesis/06_aif/sandbox.ipynb", "JSON", 122, 0, 0, 0, 0, 1, 123
"/Users/moritzglawleschkoff/code/master_thesis/06_aif/test.ipynb", "JSON", 229, 0, 0, 0, 0, 1, 230
"/Users/moritzglawleschkoff/code/master_thesis/06_aif/test2.ipynb", "JSON", 641, 0, 0, 0, 0, 1, 642
"/Users/moritzglawleschkoff/code/master_thesis/06_aif/test3.ipynb", "JSON", 75, 0, 0, 0, 0, 1, 76
"/Users/moritzglawleschkoff/code/master_thesis/06_aif/utils.py", "Python", 0, 27, 0, 0, 26, 18, 71
"/Users/moritzglawleschkoff/code/master_thesis/06_aif/world.py", "Python", 0, 106, 0, 0, 2, 7, 115
"/Users/moritzglawleschkoff/code/master_thesis/07_aif_learning/agent.py", "Python", 0, 192, 0, 0, 23, 32, 247
"/Users/moritzglawleschkoff/code/master_thesis/07_aif_learning/agent_parameters.py", "Python", 0, 87, 0, 0, 10, 9, 106
"/Users/moritzglawleschkoff/code/master_thesis/07_aif_learning/environment.py", "Python", 0, 25, 0, 0, 0, 6, 31
"/Users/moritzglawleschkoff/code/master_thesis/07_aif_learning/environment_parameters.py", "Python", 0, 63, 0, 0, 6, 6, 75
"/Users/moritzglawleschkoff/code/master_thesis/07_aif_learning/sandbox.ipynb", "JSON", 599, 0, 0, 0, 0, 1, 600
"/Users/moritzglawleschkoff/code/master_thesis/07_aif_learning/test2.ipynb", "JSON", 807, 0, 0, 0, 0, 1, 808
"/Users/moritzglawleschkoff/code/master_thesis/07_aif_learning/test3.ipynb", "JSON", 171, 0, 0, 0, 0, 1, 172
"/Users/moritzglawleschkoff/code/master_thesis/07_aif_learning/utils.py", "Python", 0, 53, 0, 0, 40, 30, 123
"/Users/moritzglawleschkoff/code/master_thesis/07_aif_learning/world.py", "Python", 0, 25, 0, 0, 0, 3, 28
"/Users/moritzglawleschkoff/code/master_thesis/08_aif_gfe_bfe/agent_bfe.py", "Python", 0, 161, 0, 0, 12, 30, 203
"/Users/moritzglawleschkoff/code/master_thesis/08_aif_gfe_bfe/agent_bfe_param.py", "Python", 0, 75, 0, 0, 8, 9, 92
"/Users/moritzglawleschkoff/code/master_thesis/08_aif_gfe_bfe/agent_gfe.py", "Python", 0, 169, 0, 0, 15, 31, 215
"/Users/moritzglawleschkoff/code/master_thesis/08_aif_gfe_bfe/agent_gfe_param.py", "Python", 0, 77, 0, 0, 8, 9, 94
"/Users/moritzglawleschkoff/code/master_thesis/08_aif_gfe_bfe/dashboard.py", "Python", 0, 491, 0, 0, 98, 89, 678
"/Users/moritzglawleschkoff/code/master_thesis/08_aif_gfe_bfe/environment.py", "Python", 0, 23, 0, 0, 0, 6, 29
"/Users/moritzglawleschkoff/code/master_thesis/08_aif_gfe_bfe/environment_param.py", "Python", 0, 63, 0, 0, 6, 6, 75
"/Users/moritzglawleschkoff/code/master_thesis/08_aif_gfe_bfe/simulation_bfe.ipynb", "JSON", 202, 0, 0, 0, 0, 1, 203
"/Users/moritzglawleschkoff/code/master_thesis/08_aif_gfe_bfe/simulation_bfe_2.ipynb", "JSON", 98, 0, 0, 0, 0, 1, 99
"/Users/moritzglawleschkoff/code/master_thesis/08_aif_gfe_bfe/simulation_gfe.ipynb", "JSON", 240, 0, 0, 0, 0, 1, 241
"/Users/moritzglawleschkoff/code/master_thesis/08_aif_gfe_bfe/simulation_gfe_2.ipynb", "JSON", 98, 0, 0, 0, 0, 1, 99
"/Users/moritzglawleschkoff/code/master_thesis/08_aif_gfe_bfe/temp_visualization.ipynb", "JSON", 92, 0, 0, 0, 0, 1, 93
"/Users/moritzglawleschkoff/code/master_thesis/08_aif_gfe_bfe/test2_bfe.ipynb", "JSON", 431, 0, 0, 0, 0, 1, 432
"/Users/moritzglawleschkoff/code/master_thesis/08_aif_gfe_bfe/test2_gfe.ipynb", "JSON", 380, 0, 0, 0, 0, 1, 381
"/Users/moritzglawleschkoff/code/master_thesis/08_aif_gfe_bfe/test3_gfe.ipynb", "JSON", 136, 0, 0, 0, 0, 1, 137
"/Users/moritzglawleschkoff/code/master_thesis/08_aif_gfe_bfe/utils.py", "Python", 0, 19, 0, 0, 5, 9, 33
"/Users/moritzglawleschkoff/code/master_thesis/08_aif_gfe_bfe/world.py", "Python", 0, 113, 0, 0, 2, 8, 123
"/Users/moritzglawleschkoff/code/master_thesis/08a_aif_gfe_efe/agent_gfe.py", "Python", 0, 166, 0, 0, 14, 38, 218
"/Users/moritzglawleschkoff/code/master_thesis/08a_aif_gfe_efe/agent_gfe_param.py", "Python", 0, 77, 0, 0, 8, 9, 94
"/Users/moritzglawleschkoff/code/master_thesis/08a_aif_gfe_efe/environment.py", "Python", 0, 23, 0, 0, 0, 6, 29
"/Users/moritzglawleschkoff/code/master_thesis/08a_aif_gfe_efe/environment_param.py", "Python", 0, 63, 0, 0, 6, 6, 75
"/Users/moritzglawleschkoff/code/master_thesis/08a_aif_gfe_efe/test2_gfe.ipynb", "JSON", 249, 0, 0, 0, 0, 1, 250
"/Users/moritzglawleschkoff/code/master_thesis/08a_aif_gfe_efe/utils.py", "Python", 0, 19, 0, 0, 0, 8, 27
"/Users/moritzglawleschkoff/code/master_thesis/09_aif_efe/agent_gfe.py", "Python", 0, 137, 0, 0, 79, 40, 256
"/Users/moritzglawleschkoff/code/master_thesis/09_aif_efe/agent_gfe_param.py", "Python", 0, 77, 0, 0, 8, 9, 94
"/Users/moritzglawleschkoff/code/master_thesis/09_aif_efe/dashboard.py", "Python", 0, 491, 0, 0, 98, 89, 678
"/Users/moritzglawleschkoff/code/master_thesis/09_aif_efe/environment.py", "Python", 0, 23, 0, 0, 0, 6, 29
"/Users/moritzglawleschkoff/code/master_thesis/09_aif_efe/environment_param.py", "Python", 0, 63, 0, 0, 6, 6, 75
"/Users/moritzglawleschkoff/code/master_thesis/09_aif_efe/test2_gfe.ipynb", "JSON", 120, 0, 0, 0, 0, 1, 121
"/Users/moritzglawleschkoff/code/master_thesis/09_aif_efe/utils.py", "Python", 0, 28, 0, 0, 21, 14, 63
"/Users/moritzglawleschkoff/code/master_thesis/09_aif_efe/world.py", "Python", 0, 107, 0, 0, 2, 8, 117
"/Users/moritzglawleschkoff/code/master_thesis/10_aif_delta_controls/agent_bfe.py", "Python", 0, 163, 0, 0, 12, 30, 205
"/Users/moritzglawleschkoff/code/master_thesis/10_aif_delta_controls/agent_bfe_param.py", "Python", 0, 75, 0, 0, 8, 9, 92
"/Users/moritzglawleschkoff/code/master_thesis/10_aif_delta_controls/agent_gfe.py", "Python", 0, 171, 0, 0, 22, 31, 224
"/Users/moritzglawleschkoff/code/master_thesis/10_aif_delta_controls/agent_gfe_param.py", "Python", 0, 77, 0, 0, 8, 9, 94
"/Users/moritzglawleschkoff/code/master_thesis/10_aif_delta_controls/environment.py", "Python", 0, 23, 0, 0, 0, 6, 29
"/Users/moritzglawleschkoff/code/master_thesis/10_aif_delta_controls/environment_param.py", "Python", 0, 63, 0, 0, 6, 6, 75
"/Users/moritzglawleschkoff/code/master_thesis/10_aif_delta_controls/simulation_bfe_2.ipynb", "JSON", 98, 0, 0, 0, 0, 1, 99
"/Users/moritzglawleschkoff/code/master_thesis/10_aif_delta_controls/simulation_gfe_2.ipynb", "JSON", 98, 0, 0, 0, 0, 1, 99
"/Users/moritzglawleschkoff/code/master_thesis/10_aif_delta_controls/test2_bfe.ipynb", "JSON", 380, 0, 0, 0, 0, 1, 381
"/Users/moritzglawleschkoff/code/master_thesis/10_aif_delta_controls/test2_gfe.ipynb", "JSON", 509, 0, 0, 0, 0, 1, 510
"/Users/moritzglawleschkoff/code/master_thesis/10_aif_delta_controls/test3_gfe.ipynb", "JSON", 99, 0, 0, 0, 0, 1, 100
"/Users/moritzglawleschkoff/code/master_thesis/10_aif_delta_controls/utils.py", "Python", 0, 36, 0, 0, 27, 20, 83
"/Users/moritzglawleschkoff/code/master_thesis/10_aif_delta_controls/world.py", "Python", 0, 113, 0, 0, 2, 8, 123
"/Users/moritzglawleschkoff/code/master_thesis/11_aif_context_bethe/agent_gfe.py", "Python", 0, 480, 0, 0, 41, 50, 571
"/Users/moritzglawleschkoff/code/master_thesis/11_aif_context_bethe/agent_gfe_param.py", "Python", 0, 71, 0, 0, 11, 12, 94
"/Users/moritzglawleschkoff/code/master_thesis/11_aif_context_bethe/environment.py", "Python", 0, 25, 0, 0, 0, 8, 33
"/Users/moritzglawleschkoff/code/master_thesis/11_aif_context_bethe/environment_param.py", "Python", 0, 63, 0, 0, 6, 6, 75
"/Users/moritzglawleschkoff/code/master_thesis/11_aif_context_bethe/simulation_gfe_2.ipynb", "JSON", 98, 0, 0, 0, 0, 1, 99
"/Users/moritzglawleschkoff/code/master_thesis/11_aif_context_bethe/test.ipynb", "JSON", 258, 0, 0, 0, 0, 1, 259
"/Users/moritzglawleschkoff/code/master_thesis/11_aif_context_bethe/test2_2_gfe.ipynb", "JSON", 140, 0, 0, 0, 0, 1, 141
"/Users/moritzglawleschkoff/code/master_thesis/11_aif_context_bethe/test2_gfe.ipynb", "JSON", 350, 0, 0, 0, 0, 1, 351
"/Users/moritzglawleschkoff/code/master_thesis/11_aif_context_bethe/test3.ipynb", "JSON", 6522, 0, 0, 0, 0, 1, 6523
"/Users/moritzglawleschkoff/code/master_thesis/11_aif_context_bethe/utils.py", "Python", 0, 70, 0, 0, 13, 16, 99
"/Users/moritzglawleschkoff/code/master_thesis/11_aif_context_bethe/world.py", "Python", 0, 113, 0, 0, 2, 8, 123
"/Users/moritzglawleschkoff/code/master_thesis/12_aif_context_mf/agent_gfe.py", "Python", 0, 432, 0, 0, 72, 45, 549
"/Users/moritzglawleschkoff/code/master_thesis/12_aif_context_mf/agent_gfe_param.py", "Python", 0, 71, 0, 0, 11, 12, 94
"/Users/moritzglawleschkoff/code/master_thesis/12_aif_context_mf/environment.py", "Python", 0, 25, 0, 0, 0, 8, 33
"/Users/moritzglawleschkoff/code/master_thesis/12_aif_context_mf/environment_param.py", "Python", 0, 63, 0, 0, 6, 6, 75
"/Users/moritzglawleschkoff/code/master_thesis/12_aif_context_mf/test3.ipynb", "JSON", 80, 0, 0, 0, 0, 1, 81
"/Users/moritzglawleschkoff/code/master_thesis/12_aif_context_mf/utils.py", "Python", 0, 140, 0, 0, 17, 28, 185
"/Users/moritzglawleschkoff/code/master_thesis/13_setup_bfe/agent.py", "Python", 0, 263, 0, 0, 9, 40, 312
"/Users/moritzglawleschkoff/code/master_thesis/13_setup_bfe/agent_param.py", "Python", 0, 77, 0, 0, 8, 9, 94
"/Users/moritzglawleschkoff/code/master_thesis/13_setup_bfe/environment.py", "Python", 0, 25, 0, 0, 0, 8, 33
"/Users/moritzglawleschkoff/code/master_thesis/13_setup_bfe/environment_param.py", "Python", 0, 63, 0, 0, 6, 6, 75
"/Users/moritzglawleschkoff/code/master_thesis/13_setup_bfe/test.ipynb", "JSON", 77, 0, 0, 0, 0, 1, 78
"/Users/moritzglawleschkoff/code/master_thesis/13_setup_bfe/utils.py", "Python", 0, 8, 0, 0, 0, 4, 12
"/Users/moritzglawleschkoff/code/master_thesis/13a_setup_bfe/agent.py", "Python", 0, 198, 0, 0, 7, 21, 226
"/Users/moritzglawleschkoff/code/master_thesis/13a_setup_bfe/agent_param.py", "Python", 0, 77, 0, 0, 8, 9, 94
"/Users/moritzglawleschkoff/code/master_thesis/13a_setup_bfe/environment.py", "Python", 0, 25, 0, 0, 0, 6, 31
"/Users/moritzglawleschkoff/code/master_thesis/13a_setup_bfe/environment_param.py", "Python", 0, 63, 0, 0, 6, 6, 75
"/Users/moritzglawleschkoff/code/master_thesis/13a_setup_bfe/experiments.ipynb", "JSON", 293, 0, 0, 0, 0, 1, 294
"/Users/moritzglawleschkoff/code/master_thesis/13a_setup_bfe/simulations.py", "Python", 0, 88, 0, 0, 0, 9, 97
"/Users/moritzglawleschkoff/code/master_thesis/13a_setup_bfe/test.ipynb", "JSON", 74, 0, 0, 0, 0, 1, 75
"/Users/moritzglawleschkoff/code/master_thesis/13a_setup_bfe/utils.py", "Python", 0, 8, 0, 0, 0, 3, 11
"/Users/moritzglawleschkoff/code/master_thesis/13a_setup_bfe/world.py", "Python", 0, 25, 0, 0, 0, 3, 28
"/Users/moritzglawleschkoff/code/master_thesis/14_setup_gfe/agent.py", "Python", 0, 211, 0, 0, 10, 24, 245
"/Users/moritzglawleschkoff/code/master_thesis/14_setup_gfe/agent_param.py", "Python", 0, 77, 0, 0, 8, 9, 94
"/Users/moritzglawleschkoff/code/master_thesis/14_setup_gfe/environment.py", "Python", 0, 25, 0, 0, 0, 8, 33
"/Users/moritzglawleschkoff/code/master_thesis/14_setup_gfe/environment_param.py", "Python", 0, 63, 0, 0, 6, 6, 75
"/Users/moritzglawleschkoff/code/master_thesis/14_setup_gfe/experiments.ipynb", "JSON", 366, 0, 0, 0, 0, 1, 367
"/Users/moritzglawleschkoff/code/master_thesis/14_setup_gfe/simulations.py", "Python", 0, 113, 0, 0, 0, 11, 124
"/Users/moritzglawleschkoff/code/master_thesis/14_setup_gfe/test.ipynb", "JSON", 53, 0, 0, 0, 0, 1, 54
"/Users/moritzglawleschkoff/code/master_thesis/14_setup_gfe/utils.py", "Python", 0, 35, 0, 0, 0, 12, 47
"/Users/moritzglawleschkoff/code/master_thesis/15_setup_context_bfe/agent.py", "Python", 0, 295, 0, 0, 9, 50, 354
"/Users/moritzglawleschkoff/code/master_thesis/15_setup_context_bfe/agent_param.py", "Python", 0, 71, 0, 0, 11, 12, 94
"/Users/moritzglawleschkoff/code/master_thesis/15_setup_context_bfe/environment.py", "Python", 0, 25, 0, 0, 0, 8, 33
"/Users/moritzglawleschkoff/code/master_thesis/15_setup_context_bfe/environment_param.py", "Python", 0, 63, 0, 0, 6, 6, 75
"/Users/moritzglawleschkoff/code/master_thesis/15_setup_context_bfe/test.ipynb", "JSON", 80, 0, 0, 0, 0, 1, 81
"/Users/moritzglawleschkoff/code/master_thesis/15_setup_context_bfe/utils.py", "Python", 0, 9, 0, 0, 0, 4, 13
"/Users/moritzglawleschkoff/code/master_thesis/15a_setup_context_bfe/agent.py", "Python", 0, 294, 0, 0, 12, 29, 335
"/Users/moritzglawleschkoff/code/master_thesis/15a_setup_context_bfe/agent_param.py", "Python", 0, 71, 0, 0, 11, 12, 94
"/Users/moritzglawleschkoff/code/master_thesis/15a_setup_context_bfe/environment.py", "Python", 0, 25, 0, 0, 0, 8, 33
"/Users/moritzglawleschkoff/code/master_thesis/15a_setup_context_bfe/environment_param.py", "Python", 0, 63, 0, 0, 6, 6, 75
"/Users/moritzglawleschkoff/code/master_thesis/15a_setup_context_bfe/experiments.ipynb", "JSON", 366, 0, 0, 0, 0, 1, 367
"/Users/moritzglawleschkoff/code/master_thesis/15a_setup_context_bfe/simulations.py", "Python", 0, 113, 0, 0, 0, 11, 124
"/Users/moritzglawleschkoff/code/master_thesis/15a_setup_context_bfe/test.ipynb", "JSON", 75, 0, 0, 0, 0, 1, 76
"/Users/moritzglawleschkoff/code/master_thesis/15a_setup_context_bfe/utils.py", "Python", 0, 5, 0, 0, 0, 3, 8
"/Users/moritzglawleschkoff/code/master_thesis/16_setup_context_gfe/agent.py", "Python", 0, 330, 0, 0, 12, 29, 371
"/Users/moritzglawleschkoff/code/master_thesis/16_setup_context_gfe/agent_param.py", "Python", 0, 71, 0, 0, 11, 12, 94
"/Users/moritzglawleschkoff/code/master_thesis/16_setup_context_gfe/environment.py", "Python", 0, 25, 0, 0, 0, 8, 33
"/Users/moritzglawleschkoff/code/master_thesis/16_setup_context_gfe/environment_param.py", "Python", 0, 63, 0, 0, 6, 6, 75
"/Users/moritzglawleschkoff/code/master_thesis/16_setup_context_gfe/experiments.ipynb", "JSON", 366, 0, 0, 0, 0, 1, 367
"/Users/moritzglawleschkoff/code/master_thesis/16_setup_context_gfe/simulations.py", "Python", 0, 113, 0, 0, 0, 11, 124
"/Users/moritzglawleschkoff/code/master_thesis/16_setup_context_gfe/test.ipynb", "JSON", 54, 0, 0, 0, 0, 1, 55
"/Users/moritzglawleschkoff/code/master_thesis/16_setup_context_gfe/utils.py", "Python", 0, 53, 0, 0, 0, 17, 70
"/Users/moritzglawleschkoff/code/master_thesis/ffg_bfe_agent/main.tex", "LaTeX", 0, 0, 109, 0, 4, 25, 138
"/Users/moritzglawleschkoff/code/master_thesis/ffg_context_bfe_agent/main.tex", "LaTeX", 0, 0, 188, 0, 3, 36, 227
"/Users/moritzglawleschkoff/code/master_thesis/ffg_context_gfe_agent/main.tex", "LaTeX", 0, 0, 210, 0, 3, 36, 249
"/Users/moritzglawleschkoff/code/master_thesis/ffg_gfe_agent/main.tex", "LaTeX", 0, 0, 127, 0, 4, 25, 156
"/Users/moritzglawleschkoff/code/master_thesis/thesis/main.tex", "LaTeX", 0, 0, 36, 0, 0, 12, 48
"/Users/moritzglawleschkoff/code/master_thesis/thesis/referees.tex", "LaTeX", 0, 0, 6, 0, 0, 2, 8
"/Users/moritzglawleschkoff/code/master_thesis/thesis/titlepage.tex", "LaTeX", 0, 0, 24, 0, 0, 12, 36
"Total", "-", 19282, 9798, 700, 6638, 1131, 2892, 40441